[
    {
        "userID": "61576072663355",
        "info": {
            "id": "61576072663355",
            "name": "Jimmuel Rivera 󱢏",
            "firstName": "Jimmuel",
            "vanity": "jim.a.rvr",
            "url": "https://www.facebook.com/jim.a.rvr",
            "thumbSrc": "https://scontent-bom5-1.xx.fbcdn.net/v/t1.30497-1/453178253_471506465671661_2781666950760530985_n.png?stp=cp0_dst-png_s60x60&_nc_cat=1&ccb=1-7&_nc_sid=136b72&_nc_ohc=dcQJzN7K8wEQ7kNvwF3z-v1&_nc_oc=Adlkq6UFCLS0cygtNb86ACn722K2d9BKHXJdBRGMXrR5B9yNsRSiaooY9YTy53jjgbI&_nc_zt=24&_nc_ht=scontent-bom5-1.xx&oh=00_AfjZovkI-E14eWeEZFMcJePVvJhx-tVXVrSnWf7SAwsTwQ&oe=693EB37A",
            "profileUrl": "https://scontent-bom5-1.xx.fbcdn.net/v/t1.30497-1/453178253_471506465671661_2781666950760530985_n.png?stp=cp0_dst-png_s60x60&_nc_cat=1&ccb=1-7&_nc_sid=136b72&_nc_ohc=dcQJzN7K8wEQ7kNvwF3z-v1&_nc_oc=Adlkq6UFCLS0cygtNb86ACn722K2d9BKHXJdBRGMXrR5B9yNsRSiaooY9YTy53jjgbI&_nc_zt=24&_nc_ht=scontent-bom5-1.xx&oh=00_AfjZovkI-E14eWeEZFMcJePVvJhx-tVXVrSnWf7SAwsTwQ&oe=693EB37A",
            "gender": "MALE",
            "type": "User",
            "isFriend": true,
            "isBirthday": false
        },
        "data": {
            "exp": 10,
            "money": "0"
        },
        "lastUpdated": 1763127610170
    },
    {
        "userID": "61578258166962",
        "info": {
            "id": "61578258166962",
            "name": "Kazuki お",
            "firstName": "Kazuki",
            "vanity": "jimrvr",
            "url": "https://www.facebook.com/jimrvr",
            "thumbSrc": "https://scontent-bom5-1.xx.fbcdn.net/v/t1.30497-1/453178253_471506465671661_2781666950760530985_n.png?stp=cp0_dst-png_s60x60&_nc_cat=1&ccb=1-7&_nc_sid=136b72&_nc_ohc=dcQJzN7K8wEQ7kNvwF3z-v1&_nc_oc=Adlkq6UFCLS0cygtNb86ACn722K2d9BKHXJdBRGMXrR5B9yNsRSiaooY9YTy53jjgbI&_nc_zt=24&_nc_ht=scontent-bom5-1.xx&oh=00_AfjZovkI-E14eWeEZFMcJePVvJhx-tVXVrSnWf7SAwsTwQ&oe=693EB37A",
            "profileUrl": "https://scontent-bom5-1.xx.fbcdn.net/v/t1.30497-1/453178253_471506465671661_2781666950760530985_n.png?stp=cp0_dst-png_s60x60&_nc_cat=1&ccb=1-7&_nc_sid=136b72&_nc_ohc=dcQJzN7K8wEQ7kNvwF3z-v1&_nc_oc=Adlkq6UFCLS0cygtNb86ACn722K2d9BKHXJdBRGMXrR5B9yNsRSiaooY9YTy53jjgbI&_nc_zt=24&_nc_ht=scontent-bom5-1.xx&oh=00_AfjZovkI-E14eWeEZFMcJePVvJhx-tVXVrSnWf7SAwsTwQ&oe=693EB37A",
            "gender": "MALE",
            "type": "User",
            "isFriend": true,
            "isBirthday": false
        },
        "data": {
            "exp": 1,
            "money": "0"
        },
        "lastUpdated": 1763127464625
    },
    {
        "userID": "61581369984375",
        "info": {
            "id": "61581369984375",
            "name": "z",
            "firstName": "z",
            "vanity": "zzzzzzzzz67",
            "url": "https://www.facebook.com/zzzzzzzzz67",
            "thumbSrc": "https://scontent-bom5-1.xx.fbcdn.net/v/t39.30808-1/575115854_122109676011045666_8755806681265793711_n.jpg?stp=c162.0.415.415a_cp0_dst-jpg_s60x60_tt6&_nc_cat=109&ccb=1-7&_nc_sid=111fe6&_nc_ohc=6_8HKXDhGEAQ7kNvwG13SnD&_nc_oc=AdknWzZXjAwSt6Ed2sjx0ctRDbKkNFB9WMdZUYA6nQz5qqCrK5E5EMwrl-iyLatqzqA&_nc_zt=24&_nc_ht=scontent-bom5-1.xx&_nc_gid=-uFSavGAci5w2JwO7PHuMQ&oh=00_AfiaIXpE4kfVkOm-9Wo7QggFsVbScMxrX1Ce846D_2gwyw&oe=691D1C11",
            "profileUrl": "https://scontent-bom5-1.xx.fbcdn.net/v/t39.30808-1/575115854_122109676011045666_8755806681265793711_n.jpg?stp=c162.0.415.415a_cp0_dst-jpg_s60x60_tt6&_nc_cat=109&ccb=1-7&_nc_sid=111fe6&_nc_ohc=6_8HKXDhGEAQ7kNvwG13SnD&_nc_oc=AdknWzZXjAwSt6Ed2sjx0ctRDbKkNFB9WMdZUYA6nQz5qqCrK5E5EMwrl-iyLatqzqA&_nc_zt=24&_nc_ht=scontent-bom5-1.xx&_nc_gid=-uFSavGAci5w2JwO7PHuMQ&oh=00_AfiaIXpE4kfVkOm-9Wo7QggFsVbScMxrX1Ce846D_2gwyw&oe=691D1C11",
            "gender": "MALE",
            "type": "User",
            "isFriend": false,
            "isBirthday": false
        },
        "data": {
            "exp": 1,
            "money": "0"
        },
        "lastUpdated": 1763127464625
    },
    {
        "userID": "100024933915313",
        "info": {
            "id": "100024933915313",
            "name": "Danilo Combate",
            "firstName": "Danilo",
            "vanity": "danilo.combate",
            "url": "https://www.facebook.com/danilo.combate",
            "thumbSrc": "https://scontent-bom5-1.xx.fbcdn.net/v/t1.30497-1/453178253_471506465671661_2781666950760530985_n.png?stp=cp0_dst-png_s60x60&_nc_cat=1&ccb=1-7&_nc_sid=136b72&_nc_ohc=dcQJzN7K8wEQ7kNvwF3z-v1&_nc_oc=Adlkq6UFCLS0cygtNb86ACn722K2d9BKHXJdBRGMXrR5B9yNsRSiaooY9YTy53jjgbI&_nc_zt=24&_nc_ht=scontent-bom5-1.xx&oh=00_AfjZovkI-E14eWeEZFMcJePVvJhx-tVXVrSnWf7SAwsTwQ&oe=693EB37A",
            "profileUrl": "https://scontent-bom5-1.xx.fbcdn.net/v/t1.30497-1/453178253_471506465671661_2781666950760530985_n.png?stp=cp0_dst-png_s60x60&_nc_cat=1&ccb=1-7&_nc_sid=136b72&_nc_ohc=dcQJzN7K8wEQ7kNvwF3z-v1&_nc_oc=Adlkq6UFCLS0cygtNb86ACn722K2d9BKHXJdBRGMXrR5B9yNsRSiaooY9YTy53jjgbI&_nc_zt=24&_nc_ht=scontent-bom5-1.xx&oh=00_AfjZovkI-E14eWeEZFMcJePVvJhx-tVXVrSnWf7SAwsTwQ&oe=693EB37A",
            "gender": "MALE",
            "type": "User",
            "isFriend": false,
            "isBirthday": false
        },
        "data": {
            "exp": 1,
            "money": "0"
        },
        "lastUpdated": 1763127464625
    },
    {
        "userID": "61554385620646",
        "info": {
            "id": "61554385620646",
            "name": "KN Francisco",
            "firstName": "KN",
            "vanity": "neth.bot.2024",
            "url": "https://www.facebook.com/neth.bot.2024",
            "thumbSrc": "https://graph.facebook.com/61554385620646/picture?type=large&width=500&height=500&access_token=6628568379%7Cc1e620fa708a1d5696fb991c1bde5662",
            "profileUrl": "https://scontent-bom5-1.xx.fbcdn.net/v/t1.30497-1/453178253_471506465671661_2781666950760530985_n.png?stp=cp0_dst-png_s60x60&_nc_cat=1&ccb=1-7&_nc_sid=136b72&_nc_ohc=dcQJzN7K8wEQ7kNvwF3z-v1&_nc_oc=Adlkq6UFCLS0cygtNb86ACn722K2d9BKHXJdBRGMXrR5B9yNsRSiaooY9YTy53jjgbI&_nc_zt=24&_nc_ht=scontent-bom5-1.xx&oh=00_AfjZovkI-E14eWeEZFMcJePVvJhx-tVXVrSnWf7SAwsTwQ&oe=693EB37A",
            "gender": "MALE",
            "type": "User",
            "isFriend": false,
            "isBirthday": false
        },
        "data": {
            "exp": 1,
            "money": "0"
        },
        "lastUpdated": 1763127464625
    },
    {
        "userID": "61559599768817",
        "info": {
            "id": "61559599768817",
            "name": "Facebook user",
            "url": null,
            "thumbSrc": "https://graph.facebook.com/61559599768817/picture?type=large&width=500&height=500&access_token=6628568379%7Cc1e620fa708a1d5696fb991c1bde5662",
            "profileUrl": "https://scontent-bom5-1.xx.fbcdn.net/v/t1.30497-1/85215299_479381239411958_7755129104415850496_n.jpg?stp=c379.0.1290.1290a_cp0_dst-jpg_s60x60_tt6&_nc_cat=1&ccb=1-7&_nc_sid=51f973&_nc_ohc=3Fw28GfkvSoQ7kNvwE2xXfz&_nc_oc=AdmknQnc4mU-ogRmdiRPdsNBo9m77PevHkN0jIvCuUU7TA-jRLvz1MR6sbfIj2h8NkY&_nc_zt=24&_nc_ht=scontent-bom5-1.xx&oh=00_AfiDQp7YhPowOrIlf9r2siB68PHZSORB4LyT4y3goNWDxg&oe=693E9716",
            "type": "UnavailableMessagingActor",
            "isBirthday": false
        },
        "data": {
            "exp": 1,
            "money": "0"
        },
        "lastUpdated": 1763127464625
    },
    {
        "userID": "61560366643041",
        "info": {
            "id": "61560366643041",
            "name": "ジョネル ラザロ",
            "firstName": "ジョネル",
            "vanity": "joneru.razaro.856633",
            "url": "https://www.facebook.com/joneru.razaro.856633",
            "thumbSrc": "https://graph.facebook.com/61560366643041/picture?type=large&width=500&height=500&access_token=6628568379%7Cc1e620fa708a1d5696fb991c1bde5662",
            "profileUrl": "https://scontent-bom2-1.xx.fbcdn.net/v/t39.30808-1/581664506_122207467478345554_3439789603084354635_n.jpg?stp=cp0_dst-jpg_s60x60_tt6&_nc_cat=103&ccb=1-7&_nc_sid=e99d92&_nc_ohc=4Tvvs4Tej24Q7kNvwEfVck1&_nc_oc=AdlYulwRZK0dSjPk-gBeqDDG6FHe73Zk8jygf4Dfi4eUBYzftyozAFHB5BvA2PsOtyU&_nc_zt=24&_nc_ht=scontent-bom2-1.xx&_nc_gid=-uFSavGAci5w2JwO7PHuMQ&oh=00_AfgDgKkDjpLiPMS5MlaYxJ1vDpI5QM0wZRJW3OIhIf8oKQ&oe=691D1835",
            "gender": "MALE",
            "type": "User",
            "isFriend": false,
            "isBirthday": false
        },
        "data": {
            "exp": 1,
            "money": "0"
        },
        "lastUpdated": 1763127464625
    },
    {
        "userID": "61562509957497",
        "info": {
            "id": "61562509957497",
            "name": "Jonell Hutchin Magallanes",
            "firstName": "Jonell Hutchin Magallanes",
            "vanity": "hutchingdcc10",
            "url": "https://www.facebook.com/hutchingdcc10",
            "thumbSrc": "https://graph.facebook.com/61562509957497/picture?type=large&width=500&height=500&access_token=6628568379%7Cc1e620fa708a1d5696fb991c1bde5662",
            "profileUrl": "https://scontent-bom5-1.xx.fbcdn.net/v/t39.30808-1/558902698_122142536402416998_5051882987991762614_n.jpg?stp=c0.18.563.563a_cp0_dst-jpg_s60x60_tt6&_nc_cat=110&ccb=1-7&_nc_sid=111fe6&_nc_ohc=81QPwNMtLkoQ7kNvwHuZ0ZY&_nc_oc=AdmizjnFoPtxYuNNP-ina5hCKSLXLlZA1ifHy-sEIDqWp1a6_JNl-XQggOHe8ydyTaI&_nc_zt=24&_nc_ht=scontent-bom5-1.xx&_nc_gid=-uFSavGAci5w2JwO7PHuMQ&oh=00_Afj4euXi6bHlmEFph5LruGs8ZdfiFfCX1BOSPKVdyRRfAw&oe=691CF046",
            "gender": "MALE",
            "type": "User",
            "isFriend": false,
            "isBirthday": false
        },
        "data": {
            "exp": 1,
            "money": "0"
        },
        "lastUpdated": 1763127464625
    },
    {
        "userID": "61563542562544",
        "info": {
            "id": "61563542562544",
            "name": "Yanna Liwag Medina",
            "firstName": "Yanna",
            "vanity": "allynah.medina.palisoc",
            "url": "https://www.facebook.com/allynah.medina.palisoc",
            "thumbSrc": "https://graph.facebook.com/61563542562544/picture?type=large&width=500&height=500&access_token=6628568379%7Cc1e620fa708a1d5696fb991c1bde5662",
            "profileUrl": "https://scontent-bom1-1.xx.fbcdn.net/v/t39.30808-1/578787759_122178676622451418_654080062041427507_n.jpg?stp=c0.0.768.768a_cp0_dst-jpg_s60x60_tt6&_nc_cat=107&ccb=1-7&_nc_sid=e99d92&_nc_ohc=xcOE_QocLtYQ7kNvwGBRIyb&_nc_oc=Adlevkf2LRGYezhgF4oV4-uMF2LVpkZhADI9BKJO-yJKXnM8jbAHHPkMdqxK-2yGJww&_nc_zt=24&_nc_ht=scontent-bom1-1.xx&_nc_gid=-uFSavGAci5w2JwO7PHuMQ&oh=00_Afh9GhF7IGLQAtuw8Z8EXUbos6VK_UuAf8Bl8L-vcNSMwA&oe=691CFBD0",
            "gender": "FEMALE",
            "type": "User",
            "isFriend": false,
            "isBirthday": false
        },
        "data": {
            "exp": 2,
            "money": "0"
        },
        "lastUpdated": 1763127673940
    },
    {
        "userID": "61564818644187",
        "info": {
            "id": "61564818644187",
            "name": "🌊 Kenneth Panio 󱢏",
            "firstName": "🌊",
            "vanity": "atomyc2727",
            "url": "https://www.facebook.com/atomyc2727",
            "thumbSrc": "https://graph.facebook.com/61564818644187/picture?type=large&width=500&height=500&access_token=6628568379%7Cc1e620fa708a1d5696fb991c1bde5662",
            "profileUrl": "https://scontent-bom2-1.xx.fbcdn.net/v/t39.30808-1/577942242_122181234050493954_1795932186668747282_n.jpg?stp=c0.0.715.715a_cp0_dst-jpg_s60x60_tt6&_nc_cat=103&ccb=1-7&_nc_sid=e99d92&_nc_ohc=DxhD1ov9fYEQ7kNvwGgQyBN&_nc_oc=AdnI1wFKxTQ8Ey5OFF0jvx5Pxg1k4Q-RB69fioBtk4uXqg7sXi5aewq1EDYs9rp_vlE&_nc_zt=24&_nc_ht=scontent-bom2-1.xx&_nc_gid=-uFSavGAci5w2JwO7PHuMQ&oh=00_AfjRXQG4GSchYuwAXKkpl0TRVMwgJOk9wh4HU44kXp12ng&oe=691D1143",
            "gender": "MALE",
            "type": "User",
            "isFriend": false,
            "isBirthday": false
        },
        "data": {
            "exp": 1,
            "money": "0"
        },
        "lastUpdated": 1763127464625
    },
    {
        "userID": "61570299212134",
        "info": {
            "id": "61570299212134",
            "name": "Thâm",
            "firstName": "Thâm",
            "vanity": "theonetham",
            "url": "https://www.facebook.com/theonetham",
            "thumbSrc": "https://graph.facebook.com/61570299212134/picture?type=large&width=500&height=500&access_token=6628568379%7Cc1e620fa708a1d5696fb991c1bde5662",
            "profileUrl": "https://scontent-bom1-1.xx.fbcdn.net/v/t39.30808-1/577520918_122148118028676640_3143884495100648755_n.jpg?stp=cp0_dst-jpg_s60x60_tt6&_nc_cat=104&ccb=1-7&_nc_sid=111fe6&_nc_ohc=DuYIQf7YsKEQ7kNvwGSnb_J&_nc_oc=AdnD2rCCkLeFkHwvsnAOPNqX8kI1LsDtzQqtRzaI8HZESORiFYS-n1F_-8i_tfHszMA&_nc_zt=24&_nc_ht=scontent-bom1-1.xx&_nc_gid=-uFSavGAci5w2JwO7PHuMQ&oh=00_Afj-d1oCV6v3beWCQ7tnQmyFDFdkJHjgn_U3I2Z08TL9zg&oe=691CEDCC",
            "gender": "MALE",
            "type": "User",
            "isFriend": false,
            "isBirthday": false
        },
        "data": {
            "exp": 1,
            "money": "0"
        },
        "lastUpdated": 1763127464625
    },
    {
        "userID": "61570305486410",
        "info": {
            "id": "61570305486410",
            "name": "Manuelson Yasis",
            "firstName": "Manuelson",
            "vanity": "",
            "url": "https://www.facebook.com/profile.php?id=61570305486410",
            "thumbSrc": "https://graph.facebook.com/61570305486410/picture?type=large&width=500&height=500&access_token=6628568379%7Cc1e620fa708a1d5696fb991c1bde5662",
            "profileUrl": "https://scontent-bom2-4.xx.fbcdn.net/v/t39.30808-1/470801134_122111888882676849_5899260705968921251_n.jpg?stp=cp0_dst-jpg_s60x60_tt6&_nc_cat=106&ccb=1-7&_nc_sid=1d2534&_nc_ohc=MNvSweMKaUUQ7kNvwEHUl2P&_nc_oc=AdkLCW0xkbD2PPSXZvwYjOR9-mGb7-PspCPgKP8DpwAGCFCksoiTVFWBlGn1p7q9CAk&_nc_zt=24&_nc_ht=scontent-bom2-4.xx&_nc_gid=-uFSavGAci5w2JwO7PHuMQ&oh=00_AfiNXiZa4CjgiRkfw33zzBuL_4yJifWD9vK1OM7Xmhz1FA&oe=691D113D",
            "gender": "MALE",
            "type": "User",
            "isFriend": false,
            "isBirthday": false
        },
        "data": {
            "exp": 1,
            "money": "0"
        },
        "lastUpdated": 1763127464625
    },
    {
        "userID": "61572527656733",
        "info": {
            "id": "61572527656733",
            "name": "Allen Albania󱢏",
            "firstName": "Allen",
            "vanity": "",
            "url": "https://www.facebook.com/profile.php?id=61572527656733",
            "thumbSrc": "https://graph.facebook.com/61572527656733/picture?type=large&width=500&height=500&access_token=6628568379%7Cc1e620fa708a1d5696fb991c1bde5662",
            "profileUrl": "https://scontent-bom5-1.xx.fbcdn.net/v/t39.30808-1/540965371_122153139392750921_6140448290023155601_n.jpg?stp=c30.0.359.359a_cp0_dst-jpg_s60x60_tt6&_nc_cat=110&ccb=1-7&_nc_sid=e99d92&_nc_ohc=M7nhgZ5aV9cQ7kNvwFYlslA&_nc_oc=Adnp9in3y5GglDoPRzyrJB6fZ6fRJcG3gZGsWs4Sw4I-nkpHesqUUgj7EEm5HWuyMIw&_nc_zt=24&_nc_ht=scontent-bom5-1.xx&_nc_gid=-uFSavGAci5w2JwO7PHuMQ&oh=00_AfikB5BQQmgytfxLI6tPP7897auX3NQIUZqKjzMGIQlCiA&oe=691CECF3",
            "gender": "MALE",
            "type": "User",
            "isFriend": false,
            "isBirthday": false
        },
        "data": {
            "exp": 1,
            "money": "0"
        },
        "lastUpdated": 1763127464625
    },
    {
        "userID": "61572940976062",
        "info": {
            "id": "61572940976062",
            "name": "Shiro Yuki",
            "firstName": "Yuki",
            "vanity": "shvrx.rixx",
            "url": "https://www.facebook.com/shvrx.rixx",
            "thumbSrc": "https://graph.facebook.com/61572940976062/picture?type=large&width=500&height=500&access_token=6628568379%7Cc1e620fa708a1d5696fb991c1bde5662",
            "profileUrl": "https://scontent-bom5-1.xx.fbcdn.net/v/t39.30808-1/576905159_122157166652764699_4833701648000836016_n.jpg?stp=cp0_dst-jpg_s60x60_tt6&_nc_cat=110&ccb=1-7&_nc_sid=e99d92&_nc_ohc=loUhnp-1GD8Q7kNvwF1-JSs&_nc_oc=AdksFu0QpAeiB00lviEClGjpggVJ_2a-zPNwbJuWTDcdcjcvPu-4JlCausIw2ngsSV8&_nc_zt=24&_nc_ht=scontent-bom5-1.xx&_nc_gid=-uFSavGAci5w2JwO7PHuMQ&oh=00_AfjhzWJzwbybcoOsnGHBxaPYl0WusC1mG8KAIllk74DEtA&oe=691D0C65",
            "gender": "FEMALE",
            "type": "User",
            "isFriend": false,
            "isBirthday": false
        },
        "data": {
            "exp": 1,
            "money": "0"
        },
        "lastUpdated": 1763127464625
    },
    {
        "userID": "61574715178108",
        "info": {
            "id": "61574715178108",
            "name": "Kenneth Panio",
            "firstName": "Kenneth",
            "vanity": "",
            "url": "https://www.facebook.com/profile.php?id=61574715178108",
            "thumbSrc": "https://graph.facebook.com/61574715178108/picture?type=large&width=500&height=500&access_token=6628568379%7Cc1e620fa708a1d5696fb991c1bde5662",
            "profileUrl": "https://scontent-bom5-1.xx.fbcdn.net/v/t39.30808-1/512769648_122128960484823839_9018514503135119992_n.jpg?stp=cp0_dst-jpg_s60x60_tt6&_nc_cat=110&ccb=1-7&_nc_sid=e99d92&_nc_ohc=F1gFpodKipUQ7kNvwHQ7D5o&_nc_oc=Adkljor_w0mzEO9LJHDMsSMUiSi7r7lJeBSwdgVMGMvnuwFN17-9O378pbuSDHekb2E&_nc_zt=24&_nc_ht=scontent-bom5-1.xx&_nc_gid=-uFSavGAci5w2JwO7PHuMQ&oh=00_AfgGz9TCfm7XX0K2HCp9OilObOgl_Iemt1Z4Zu1Bi51OjA&oe=691D1D2A",
            "gender": "MALE",
            "type": "User",
            "isFriend": false,
            "isBirthday": false
        },
        "data": {
            "exp": 1,
            "money": "0"
        },
        "lastUpdated": 1763127464625
    },
    {
        "userID": "61575622332665",
        "info": {
            "id": "61575622332665",
            "name": "Facebook user",
            "url": null,
            "thumbSrc": "https://graph.facebook.com/61575622332665/picture?type=large&width=500&height=500&access_token=6628568379%7Cc1e620fa708a1d5696fb991c1bde5662",
            "profileUrl": "https://scontent-bom5-1.xx.fbcdn.net/v/t1.30497-1/85215299_479381239411958_7755129104415850496_n.jpg?stp=c379.0.1290.1290a_cp0_dst-jpg_s60x60_tt6&_nc_cat=1&ccb=1-7&_nc_sid=51f973&_nc_ohc=3Fw28GfkvSoQ7kNvwE2xXfz&_nc_oc=AdmknQnc4mU-ogRmdiRPdsNBo9m77PevHkN0jIvCuUU7TA-jRLvz1MR6sbfIj2h8NkY&_nc_zt=24&_nc_ht=scontent-bom5-1.xx&oh=00_AfiDQp7YhPowOrIlf9r2siB68PHZSORB4LyT4y3goNWDxg&oe=693E9716",
            "type": "UnavailableMessagingActor",
            "isBirthday": false
        },
        "data": {
            "exp": 1,
            "money": "0"
        },
        "lastUpdated": 1763127464625
    },
    {
        "userID": "61578267823292",
        "info": {
            "id": "61578267823292",
            "name": "Kyuko Zyx",
            "firstName": "Kyuko",
            "vanity": "",
            "url": "https://www.facebook.com/profile.php?id=61578267823292",
            "thumbSrc": "https://graph.facebook.com/61578267823292/picture?type=large&width=500&height=500&access_token=6628568379%7Cc1e620fa708a1d5696fb991c1bde5662",
            "profileUrl": "https://scontent-bom2-1.xx.fbcdn.net/v/t39.30808-1/524216865_122113780226942260_5386828770598384224_n.jpg?stp=c8.0.719.719a_cp0_dst-jpg_s60x60_tt6&_nc_cat=103&ccb=1-7&_nc_sid=e99d92&_nc_ohc=Og11XDKcIWEQ7kNvwGFvs8T&_nc_oc=AdlRRunYP8F-tswixQkXAGK7VonyVgBEH0LWfpTwZ8mCpzU0Pq9muE2jcYY4e_O-mp8&_nc_zt=24&_nc_ht=scontent-bom2-1.xx&_nc_gid=-uFSavGAci5w2JwO7PHuMQ&oh=00_AfjB2Nmd8vkmqaJhAWlSXF3KE50gECGu_ihhVSqktvRN3Q&oe=691D0B5B",
            "gender": "FEMALE",
            "type": "User",
            "isFriend": false,
            "isBirthday": false
        },
        "data": {
            "exp": 1,
            "money": "0"
        },
        "lastUpdated": 1763127464625
    },
    {
        "userID": "61578749552058",
        "info": {
            "id": "61578749552058",
            "name": "Jasper Hartford",
            "firstName": "Jasper",
            "vanity": "",
            "url": "https://www.facebook.com/profile.php?id=61578749552058",
            "thumbSrc": "https://graph.facebook.com/61578749552058/picture?type=large&width=500&height=500&access_token=6628568379%7Cc1e620fa708a1d5696fb991c1bde5662",
            "profileUrl": "https://scontent-bom1-1.xx.fbcdn.net/v/t39.30808-1/536269471_122115060722958318_4073994325857580350_n.jpg?stp=cp0_dst-jpg_s60x60_tt6&_nc_cat=107&ccb=1-7&_nc_sid=1d2534&_nc_ohc=JM73ZM57WsUQ7kNvwHQdIHr&_nc_oc=AdkqzOrvCzNYY3DkGPyihv3kQjHuJ5bcvFOUauGJ9i46xjGP1QIpBI2rHQ6xbp6xRio&_nc_zt=24&_nc_ht=scontent-bom1-1.xx&_nc_gid=-uFSavGAci5w2JwO7PHuMQ&oh=00_AfhycHin0mfknYHA6HL42PRcDuQyK9lnnuWkw3vxR3QS7A&oe=691CFBC3",
            "gender": "MALE",
            "type": "User",
            "isFriend": false,
            "isBirthday": false
        },
        "data": {
            "exp": 1,
            "money": "0"
        },
        "lastUpdated": 1763127464625
    },
    {
        "userID": "61578929660413",
        "info": {
            "id": "61578929660413",
            "name": "vern",
            "firstName": "vern",
            "vanity": "notfound500",
            "url": "https://www.facebook.com/notfound500",
            "thumbSrc": "https://graph.facebook.com/61578929660413/picture?type=large&width=500&height=500&access_token=6628568379%7Cc1e620fa708a1d5696fb991c1bde5662",
            "profileUrl": "https://scontent-bom2-1.xx.fbcdn.net/v/t39.30808-1/577311365_122133322508964322_802566773311505180_n.jpg?stp=cp0_dst-jpg_s60x60_tt6&_nc_cat=103&ccb=1-7&_nc_sid=111fe6&_nc_ohc=L9FoyTKqghIQ7kNvwEtm503&_nc_oc=AdmHbfy-p1zeSptTuzmSFkT4S9X3shV8vYTS0sQt0ST6ZZkP79JMjrRAh04IHc_Nydk&_nc_zt=24&_nc_ht=scontent-bom2-1.xx&_nc_gid=-uFSavGAci5w2JwO7PHuMQ&oh=00_Afjmv8S3L_2HFOuPsyz7Xs05ELLG-r8J3FmSg8MmvF9uLw&oe=691D1C7B",
            "gender": "MALE",
            "type": "User",
            "isFriend": false,
            "isBirthday": false
        },
        "data": {
            "exp": 1,
            "money": "0"
        },
        "lastUpdated": 1763127464625
    },
    {
        "userID": "61581135412496",
        "info": {
            "id": "61581135412496",
            "name": "Facebook user",
            "url": null,
            "thumbSrc": "https://graph.facebook.com/61581135412496/picture?type=large&width=500&height=500&access_token=6628568379%7Cc1e620fa708a1d5696fb991c1bde5662",
            "profileUrl": "https://scontent-bom5-1.xx.fbcdn.net/v/t1.30497-1/85215299_479381239411958_7755129104415850496_n.jpg?stp=c379.0.1290.1290a_cp0_dst-jpg_s60x60_tt6&_nc_cat=1&ccb=1-7&_nc_sid=51f973&_nc_ohc=3Fw28GfkvSoQ7kNvwE2xXfz&_nc_oc=AdmknQnc4mU-ogRmdiRPdsNBo9m77PevHkN0jIvCuUU7TA-jRLvz1MR6sbfIj2h8NkY&_nc_zt=24&_nc_ht=scontent-bom5-1.xx&oh=00_AfiDQp7YhPowOrIlf9r2siB68PHZSORB4LyT4y3goNWDxg&oe=693E9716",
            "type": "UnavailableMessagingActor",
            "isBirthday": false
        },
        "data": {
            "exp": 1,
            "money": "0"
        },
        "lastUpdated": 1763127464625
    },
    {
        "userID": "61581242759098",
        "info": {
            "id": "61581242759098",
            "name": "Kyu Xll",
            "firstName": "Kyu",
            "vanity": "",
            "url": "https://www.facebook.com/profile.php?id=61581242759098",
            "thumbSrc": "https://graph.facebook.com/61581242759098/picture?type=large&width=500&height=500&access_token=6628568379%7Cc1e620fa708a1d5696fb991c1bde5662",
            "profileUrl": "https://scontent-bom2-4.xx.fbcdn.net/v/t39.30808-1/581147334_122111177913041425_1979613755239653400_n.jpg?stp=cp0_dst-jpg_s60x60_tt6&_nc_cat=102&ccb=1-7&_nc_sid=e99d92&_nc_ohc=ost6MgeyTBQQ7kNvwGJlaxW&_nc_oc=AdkkgAbN272Bk_QK8pzAMT8FXL9sFklixW9MCZlPf3tT3g8qUs4ldZw_ZmwgIllJwSE&_nc_zt=24&_nc_ht=scontent-bom2-4.xx&_nc_gid=-uFSavGAci5w2JwO7PHuMQ&oh=00_Afh_Wshx12737OpggR6ziUXv-ZiQiT2DpyvCRcFXDpLtQw&oe=691CFA75",
            "gender": "MALE",
            "type": "User",
            "isFriend": false,
            "isBirthday": false
        },
        "data": {
            "exp": 1,
            "money": "0"
        },
        "lastUpdated": 1763127464625
    },
    {
        "userID": "61582391340869",
        "info": {
            "id": "61582391340869",
            "name": "Neth Francisco",
            "firstName": "Neth",
            "vanity": "dynethie",
            "url": "https://www.facebook.com/dynethie",
            "thumbSrc": "https://graph.facebook.com/61582391340869/picture?type=large&width=500&height=500&access_token=6628568379%7Cc1e620fa708a1d5696fb991c1bde5662",
            "profileUrl": "https://scontent-bom2-1.xx.fbcdn.net/v/t39.30808-1/581937002_122106743811079711_6316667884788311549_n.jpg?stp=c15.0.690.690a_cp0_dst-jpg_s60x60_tt6&_nc_cat=108&ccb=1-7&_nc_sid=e99d92&_nc_ohc=eNCFmtOhNkkQ7kNvwGZ4Cn7&_nc_oc=Adk7BAQ6PPlQSdDNkPHEmmfKbWRPzk76BY1TbRihwgCfYhTs5ULWpDj8NXtnbqHftvI&_nc_zt=24&_nc_ht=scontent-bom2-1.xx&_nc_gid=-uFSavGAci5w2JwO7PHuMQ&oh=00_AfizcUfjWqnmatAtZoo214c7cZRXDMe0lIdvag8YemIdjw&oe=691D03B2",
            "gender": "MALE",
            "type": "User",
            "isFriend": false,
            "isBirthday": false
        },
        "data": {
            "exp": 1,
            "money": "0"
        },
        "lastUpdated": 1763127464625
    },
    {
        "userID": "61582818082716",
        "info": {
            "id": "61582818082716",
            "name": "Holanigros Dos Duenos",
            "firstName": "Holanigros",
            "vanity": "",
            "url": "https://www.facebook.com/profile.php?id=61582818082716",
            "thumbSrc": "https://graph.facebook.com/61582818082716/picture?type=large&width=500&height=500&access_token=6628568379%7Cc1e620fa708a1d5696fb991c1bde5662",
            "profileUrl": "https://scontent-bom2-3.xx.fbcdn.net/v/t39.30808-1/579260933_122103490671093936_8175651275547258412_n.jpg?stp=cp0_dst-jpg_s60x60_tt6&_nc_cat=100&ccb=1-7&_nc_sid=e99d92&_nc_ohc=ZxWdkifCHrUQ7kNvwG76p44&_nc_oc=Adl1VUQY-JvELZdz923KIGpRRga7lWl1hZHZ43E1mn0LZ9YUU8BxlBsPuNNjO0_e8m4&_nc_zt=24&_nc_ht=scontent-bom2-3.xx&_nc_gid=-uFSavGAci5w2JwO7PHuMQ&oh=00_AfjgC10rbHoOiOvr-FynZ_m2WT1amiDJ9LSwl1jUwgoLZg&oe=691D1C87",
            "gender": "MALE",
            "type": "User",
            "isFriend": false,
            "isBirthday": false
        },
        "data": {
            "exp": 1,
            "money": "0"
        },
        "lastUpdated": 1763127464625
    },
    {
        "userID": "61583356847038",
        "info": {
            "id": "61583356847038",
            "name": "Kaizenjji Yokoso",
            "firstName": "Kaizenjji",
            "vanity": "",
            "url": "https://www.facebook.com/profile.php?id=61583356847038",
            "thumbSrc": "https://graph.facebook.com/61583356847038/picture?type=large&width=500&height=500&access_token=6628568379%7Cc1e620fa708a1d5696fb991c1bde5662",
            "profileUrl": "https://scontent-bom2-1.xx.fbcdn.net/v/t39.30808-1/581679189_122103245247111894_1841447144909723866_n.jpg?stp=c26.0.667.667a_cp0_dst-jpg_s60x60_tt6&_nc_cat=108&ccb=1-7&_nc_sid=e99d92&_nc_ohc=DBhJbyZcI24Q7kNvwHbpeT7&_nc_oc=AdnHfOvu6lLCe9fWflO0ogQ5yxoDQBvV2j4eiU8-Ge7p7n4rlZOJ_C4biJhWjtxrgeQ&_nc_zt=24&_nc_ht=scontent-bom2-1.xx&_nc_gid=-uFSavGAci5w2JwO7PHuMQ&oh=00_AfjTb1nH1h1DSkeX6RU4_4AXE2r94DIrT2LfM95YXpNPZg&oe=691CEAFC",
            "gender": "MALE",
            "type": "User",
            "isFriend": false,
            "isBirthday": false
        },
        "data": {
            "exp": 2,
            "money": "0"
        },
        "lastUpdated": 1763127672277
    },
    {
        "userID": "100000245386302",
        "info": {
            "id": "100000245386302",
            "name": "Aljurx Pogoy",
            "firstName": "Aljurx",
            "vanity": "",
            "url": "https://www.facebook.com/profile.php?id=100000245386302",
            "thumbSrc": "https://graph.facebook.com/100000245386302/picture?type=large&width=500&height=500&access_token=6628568379%7Cc1e620fa708a1d5696fb991c1bde5662",
            "profileUrl": "https://scontent-bom2-4.xx.fbcdn.net/v/t39.30808-1/582240733_32974586208799467_6598084529054820494_n.jpg?stp=c0.0.715.715a_cp0_dst-jpg_s60x60_tt6&_nc_cat=106&ccb=1-7&_nc_sid=1d2534&_nc_ohc=pZ1OgScSp8IQ7kNvwFHOTbC&_nc_oc=AdnqlfpvtetOQUCy_iLMPhbzdr3XJ5rtLkyGR6OsN0FJb-NxGgQF25EfLO3ewxscOG4&_nc_zt=24&_nc_ht=scontent-bom2-4.xx&_nc_gid=-uFSavGAci5w2JwO7PHuMQ&oh=00_AfjywYOyW2ata3z7WKUObzl0gT9H8cSTCh1viXTUy9DpYA&oe=691D1A0C",
            "gender": "FEMALE",
            "type": "User",
            "isFriend": false,
            "isBirthday": false
        },
        "data": {
            "exp": 1,
            "money": "0"
        },
        "lastUpdated": 1763127464625
    },
    {
        "userID": "100015168369582",
        "info": {
            "id": "100015168369582",
            "name": "Ullash Adnan 󰢏",
            "firstName": "Ullash Adnan 󰢏",
            "vanity": "CYBER.ULLASH",
            "url": "https://www.facebook.com/CYBER.ULLASH",
            "thumbSrc": "https://graph.facebook.com/100015168369582/picture?type=large&width=500&height=500&access_token=6628568379%7Cc1e620fa708a1d5696fb991c1bde5662",
            "profileUrl": "https://scontent-bom2-1.xx.fbcdn.net/v/t39.30808-1/499790732_2184893858692872_6932747156925229933_n.jpg?stp=cp0_dst-jpg_s60x60_tt6&_nc_cat=103&ccb=1-7&_nc_sid=1d2534&_nc_ohc=RbIeiwx9TewQ7kNvwEgYKT2&_nc_oc=Adn_fV_Qrlz3-Y7MAOFD9VJe_Vgtqiy3LQLgQqcfKVMrAps-gKP0f-UHPWMUPsO4Lzs&_nc_zt=24&_nc_ht=scontent-bom2-1.xx&_nc_gid=-uFSavGAci5w2JwO7PHuMQ&oh=00_Afj-wG4rDz8TnUUO9twTOqSXOcbg7uI_nQhsyMufO5hQGA&oe=691D0FB3",
            "gender": "FEMALE",
            "type": "User",
            "isFriend": false,
            "isBirthday": false
        },
        "data": {
            "exp": 1,
            "money": "0"
        },
        "lastUpdated": 1763127464625
    },
    {
        "userID": "100015293290093",
        "info": {
            "id": "100015293290093",
            "name": "Engr Nathan Delmundo",
            "firstName": "Engr",
            "vanity": "nathan.del.mundo14",
            "url": "https://www.facebook.com/nathan.del.mundo14",
            "thumbSrc": "https://graph.facebook.com/100015293290093/picture?type=large&width=500&height=500&access_token=6628568379%7Cc1e620fa708a1d5696fb991c1bde5662",
            "profileUrl": "https://scontent-bom2-3.xx.fbcdn.net/v/t39.30808-1/533532313_2186338595219229_3547999171954717073_n.jpg?stp=c12.0.712.712a_cp0_dst-jpg_s60x60_tt6&_nc_cat=100&ccb=1-7&_nc_sid=e99d92&_nc_ohc=4FYTXmHEJKsQ7kNvwG6STbJ&_nc_oc=AdnsQmyaUKWjxXD7glGP2UulP-Ex-NnjFoNDpA8xAqMfbvWQrXwYFidXD8k5yxJz4K0&_nc_zt=24&_nc_ht=scontent-bom2-3.xx&_nc_gid=-uFSavGAci5w2JwO7PHuMQ&oh=00_AfiofnqmLdhQsmroGG6a5LNdRQEwT6huBEC4Efv8sa7cDg&oe=691D0A8D",
            "gender": "FEMALE",
            "type": "User",
            "isFriend": false,
            "isBirthday": false
        },
        "data": {
            "exp": 1,
            "money": "0"
        },
        "lastUpdated": 1763127464625
    },
    {
        "userID": "100035041790471",
        "info": {
            "id": "100035041790471",
            "name": "Rui Reogo",
            "firstName": "Rui",
            "vanity": "iiiur",
            "url": "https://www.facebook.com/iiiur",
            "thumbSrc": "https://graph.facebook.com/100035041790471/picture?type=large&width=500&height=500&access_token=6628568379%7Cc1e620fa708a1d5696fb991c1bde5662",
            "profileUrl": "https://scontent-bom5-1.xx.fbcdn.net/v/t39.30808-1/559042849_1543800096798035_7020543538519535797_n.jpg?stp=cp0_dst-jpg_s60x60_tt6&_nc_cat=109&ccb=1-7&_nc_sid=e99d92&_nc_ohc=O4Q9tZ0ld5EQ7kNvwF4lngT&_nc_oc=AdkyHiW1SGUt9buFkpcG0EQHA7VIeEwwd1Knub-pBanqaWRbGNCWMlQFO8jfh6dcrJI&_nc_zt=24&_nc_ht=scontent-bom5-1.xx&_nc_gid=-uFSavGAci5w2JwO7PHuMQ&oh=00_AfiecUhxNAfAWE0JvlMA56t8leC2aDkW1LSRClaaqiUwnQ&oe=691CF4B7",
            "gender": "MALE",
            "type": "User",
            "isFriend": false,
            "isBirthday": false
        },
        "data": {
            "exp": 2,
            "money": "0"
        },
        "lastUpdated": 1763127761836
    },
    {
        "userID": "100040643049702",
        "info": {
            "id": "100040643049702",
            "name": "Christopher Jr.",
            "firstName": "Christopher",
            "vanity": "Christopher.Jr.01",
            "url": "https://www.facebook.com/Christopher.Jr.01",
            "thumbSrc": "https://graph.facebook.com/100040643049702/picture?type=large&width=500&height=500&access_token=6628568379%7Cc1e620fa708a1d5696fb991c1bde5662",
            "profileUrl": "https://scontent-bom5-1.xx.fbcdn.net/v/t39.30808-1/473319948_1352626746102081_5760008945770757129_n.jpg?stp=cp0_dst-jpg_s60x60_tt6&_nc_cat=109&ccb=1-7&_nc_sid=e99d92&_nc_ohc=LEKARyWJXcIQ7kNvwGh_ZFb&_nc_oc=Adnb-lRYWXo9bF1gCrShp25z8DWM8i4Dh8pp1mg8YKLIpKxQSwf8w63XOqp8K1qfbqA&_nc_zt=24&_nc_ht=scontent-bom5-1.xx&_nc_gid=-uFSavGAci5w2JwO7PHuMQ&oh=00_Afj5bsLRANPTQCt4aSTvOYgmJn_ov-wTfJwUgoYWSY4d2w&oe=691CFFEB",
            "gender": "NEUTER",
            "type": "User",
            "isFriend": false,
            "isBirthday": false
        },
        "data": {
            "exp": 1,
            "money": "0"
        },
        "lastUpdated": 1763127464625
    },
    {
        "userID": "100052127176289",
        "info": {
            "id": "100052127176289",
            "name": "A Y AN",
            "firstName": "A",
            "vanity": "ayanbbu.6",
            "url": "https://www.facebook.com/ayanbbu.6",
            "thumbSrc": "https://graph.facebook.com/100052127176289/picture?type=large&width=500&height=500&access_token=6628568379%7Cc1e620fa708a1d5696fb991c1bde5662",
            "profileUrl": "https://scontent-bom2-3.xx.fbcdn.net/v/t39.30808-1/516484869_1302474814833412_5898263155403282965_n.jpg?stp=cp0_dst-jpg_s60x60_tt6&_nc_cat=101&ccb=1-7&_nc_sid=e99d92&_nc_ohc=2nKjJHxrpEkQ7kNvwE3CwhP&_nc_oc=AdnSc611-a_r0XKZBMOBKGOzU3PGEUXTUxw3fgvF4CEAoynbGedJ-xzy9WVAjCpzhiQ&_nc_zt=24&_nc_ht=scontent-bom2-3.xx&_nc_gid=-uFSavGAci5w2JwO7PHuMQ&oh=00_AfgdIVA158d_ca4YphkKLVWMrqi4PDN1veeGNftAKCUBLw&oe=691D03B7",
            "gender": "MALE",
            "type": "User",
            "isFriend": false,
            "isBirthday": false
        },
        "data": {
            "exp": 1,
            "money": "0"
        },
        "lastUpdated": 1763127464625
    },
    {
        "userID": "100053549552408",
        "info": {
            "id": "100053549552408",
            "name": "Cliff Vincent V. Torrevillas 󱢏",
            "firstName": "Cliff Vincent",
            "vanity": "swordigo.swordslush",
            "url": "https://www.facebook.com/swordigo.swordslush",
            "thumbSrc": "https://graph.facebook.com/100053549552408/picture?type=large&width=500&height=500&access_token=6628568379%7Cc1e620fa708a1d5696fb991c1bde5662",
            "profileUrl": "https://scontent-bom5-1.xx.fbcdn.net/v/t1.30497-1/453178253_471506465671661_2781666950760530985_n.png?stp=cp0_dst-png_s60x60&_nc_cat=1&ccb=1-7&_nc_sid=136b72&_nc_ohc=dcQJzN7K8wEQ7kNvwF3z-v1&_nc_oc=Adlkq6UFCLS0cygtNb86ACn722K2d9BKHXJdBRGMXrR5B9yNsRSiaooY9YTy53jjgbI&_nc_zt=24&_nc_ht=scontent-bom5-1.xx&oh=00_AfjZovkI-E14eWeEZFMcJePVvJhx-tVXVrSnWf7SAwsTwQ&oe=693EB37A",
            "gender": "MALE",
            "type": "User",
            "isFriend": false,
            "isBirthday": false
        },
        "data": {
            "exp": 1,
            "money": "0"
        },
        "lastUpdated": 1763127464625
    },
    {
        "userID": "100060692865719",
        "info": {
            "id": "100060692865719",
            "name": "John Arpy Ruperto",
            "firstName": "John Arpy",
            "vanity": "john.arpy.ruperto",
            "url": "https://www.facebook.com/john.arpy.ruperto",
            "thumbSrc": "https://graph.facebook.com/100060692865719/picture?type=large&width=500&height=500&access_token=6628568379%7Cc1e620fa708a1d5696fb991c1bde5662",
            "profileUrl": "https://scontent-bom2-3.xx.fbcdn.net/v/t39.30808-1/490971301_1047598793939873_7313010516518255673_n.jpg?stp=cp0_dst-jpg_s60x60_tt6&_nc_cat=100&ccb=1-7&_nc_sid=e99d92&_nc_ohc=gAr7Myl5xOkQ7kNvwHKA5f-&_nc_oc=AdmFl_5pW9z1Xc1mcywDHOx-wPyHxvd3Bc-9ew899dfl4EwPu_AVws7mhJ4rr5VOvnc&_nc_zt=24&_nc_ht=scontent-bom2-3.xx&_nc_gid=-uFSavGAci5w2JwO7PHuMQ&oh=00_AfiWfyrdDX7oNrNsuaoNnaG_ks2sj2rV5809qGuIUpzb6g&oe=691CFBB4",
            "gender": "FEMALE",
            "type": "User",
            "isFriend": false,
            "isBirthday": false
        },
        "data": {
            "exp": 1,
            "money": "0"
        },
        "lastUpdated": 1763127464625
    },
    {
        "userID": "100072342784834",
        "info": {
            "id": "100072342784834",
            "name": "Ophelia Alore",
            "firstName": "Ophelia",
            "vanity": "nutellaa.ells",
            "url": "https://www.facebook.com/nutellaa.ells",
            "thumbSrc": "https://graph.facebook.com/100072342784834/picture?type=large&width=500&height=500&access_token=6628568379%7Cc1e620fa708a1d5696fb991c1bde5662",
            "profileUrl": "https://scontent-bom1-1.xx.fbcdn.net/v/t39.30808-1/577026818_836680675420018_8240096774292295810_n.jpg?stp=cp0_dst-jpg_s60x60_tt6&_nc_cat=107&ccb=1-7&_nc_sid=e99d92&_nc_ohc=l3s6LlNw-6cQ7kNvwEKYOyi&_nc_oc=Adkrk-bPRUgYdsVro1NtDCDZGC-CVzzxQVWtux-mvIUSIJICyrOYw2zR6lC96DVN6Cc&_nc_zt=24&_nc_ht=scontent-bom1-1.xx&_nc_gid=-uFSavGAci5w2JwO7PHuMQ&oh=00_AfgchT6V-hDIdQbq9MgFjXLAqbE0Tt2Gr8aul7T5j9swIg&oe=691D02F7",
            "gender": "FEMALE",
            "type": "User",
            "isFriend": false,
            "isBirthday": false
        },
        "data": {
            "exp": 1,
            "money": "0"
        },
        "lastUpdated": 1763127464625
    },
    {
        "userID": "100078063083482",
        "info": {
            "id": "100078063083482",
            "name": "Haha Baho Lubot",
            "firstName": "Haha",
            "vanity": "geraldhatdogftbanana",
            "url": null,
            "thumbSrc": "https://graph.facebook.com/100078063083482/picture?type=large&width=500&height=500&access_token=6628568379%7Cc1e620fa708a1d5696fb991c1bde5662",
            "profileUrl": "https://scontent-bom5-1.xx.fbcdn.net/v/t39.30808-1/575160729_820135717265190_3033024171291222443_n.jpg?stp=c31.0.336.336a_cp0_dst-jpg_s60x60_tt6&_nc_cat=110&ccb=1-7&_nc_sid=e99d92&_nc_ohc=oxlhEr9-P-sQ7kNvwFLjlSU&_nc_oc=AdlMzM-mjE-krWUOX-Zir6GBH5Sz1T_VmdN9L24H9dcyxNAaUlHQ48mhdXsNNlxXLtA&_nc_zt=24&_nc_ht=scontent-bom5-1.xx&_nc_gid=-uFSavGAci5w2JwO7PHuMQ&oh=00_Afh8GCws5I9pZz-IW9uOfU2cvaJcWLXhyJIBI5DCMmYgZQ&oe=691CF4A2",
            "gender": "MALE",
            "type": "User",
            "isFriend": false,
            "isBirthday": false
        },
        "data": {
            "exp": 1,
            "money": "0"
        },
        "lastUpdated": 1763127464625
    },
    {
        "userID": "100083986735491",
        "info": {
            "id": "100083986735491",
            "name": "Gerardo C. Fernandez",
            "firstName": "Gerardo C.",
            "vanity": "gerardo.c.fernandez.2024",
            "url": "https://www.facebook.com/gerardo.c.fernandez.2024",
            "thumbSrc": "https://graph.facebook.com/100083986735491/picture?type=large&width=500&height=500&access_token=6628568379%7Cc1e620fa708a1d5696fb991c1bde5662",
            "profileUrl": "https://scontent-bom1-1.xx.fbcdn.net/v/t39.30808-1/574848152_808764408599776_6952575700315787534_n.jpg?stp=cp0_dst-jpg_s60x60_tt6&_nc_cat=104&ccb=1-7&_nc_sid=1d2534&_nc_ohc=nrhfigZ8EHkQ7kNvwGBEvVY&_nc_oc=AdnLP0iOmC5_KqOFhfIt3VB1ykJVSjuEN26oin5zx8SuDt7yygO9lkYMDNSWZiuQCw8&_nc_zt=24&_nc_ht=scontent-bom1-1.xx&_nc_gid=-uFSavGAci5w2JwO7PHuMQ&oh=00_AfgjLS_Y6u8DOrUULaoAf5FfW7G5AwA4SvYjqAcfviGgIA&oe=691D148A",
            "gender": "MALE",
            "type": "User",
            "isFriend": false,
            "isBirthday": false
        },
        "data": {
            "exp": 1,
            "money": "0"
        },
        "lastUpdated": 1763127464625
    },
    {
        "userID": "100088310502707",
        "info": {
            "id": "100088310502707",
            "name": "Rain A Divino",
            "firstName": "Rain",
            "vanity": "rain.a.divino.2025",
            "url": "https://www.facebook.com/rain.a.divino.2025",
            "thumbSrc": "https://graph.facebook.com/100088310502707/picture?type=large&width=500&height=500&access_token=6628568379%7Cc1e620fa708a1d5696fb991c1bde5662",
            "profileUrl": "https://scontent-bom2-4.xx.fbcdn.net/v/t39.30808-1/525732052_737659119187765_6418347639171816366_n.jpg?stp=cp0_dst-jpg_s60x60_tt6&_nc_cat=102&ccb=1-7&_nc_sid=e99d92&_nc_ohc=QGxQhlTOQzsQ7kNvwFgqrSm&_nc_oc=AdnKXHMT0z4Ngn53qtwfT8Sw8LCF4n62Kw_X6ul6dxy3gweXYermopKI_50x6DPA3b8&_nc_zt=24&_nc_ht=scontent-bom2-4.xx&_nc_gid=-uFSavGAci5w2JwO7PHuMQ&oh=00_AfgGb9hQodqBSOOrtspGflin8zyAiW5BkyFnnLXDOsRTgg&oe=691D1D9D",
            "gender": "MALE",
            "type": "User",
            "isFriend": false,
            "isBirthday": false
        },
        "data": {
            "exp": 1,
            "money": "0"
        },
        "lastUpdated": 1763127464625
    },
    {
        "userID": "100089002696653",
        "info": {
            "id": "100089002696653",
            "name": "👨‍💻🟢🔥🔥🔥🔥🔥🔥🔥🔥🔥🔥🔥🔥🔥🔥🔥Neth Aceberos🔥🔥🔥🔥🔥🔥🔥🔥🔥🔥🔥🔥🔥🔥🔥🟢👨‍💻",
            "firstName": "👨‍💻🟢🔥🔥🔥🔥🔥🔥🔥🔥🔥🔥🔥🔥🔥🔥🔥Neth",
            "vanity": "ken.neth.aceberos.920735",
            "url": "https://www.facebook.com/ken.neth.aceberos.920735",
            "thumbSrc": "https://graph.facebook.com/100089002696653/picture?type=large&width=500&height=500&access_token=6628568379%7Cc1e620fa708a1d5696fb991c1bde5662",
            "profileUrl": "https://scontent-bom2-3.xx.fbcdn.net/v/t39.30808-1/577725251_838464589130290_981339204209456681_n.jpg?stp=cp0_dst-jpg_s60x60_tt6&_nc_cat=101&ccb=1-7&_nc_sid=1d2534&_nc_ohc=CPUJgKJufxoQ7kNvwGcn7iM&_nc_oc=AdnWd0tyzP-sk20QYplimjde5og2rZ8TqbaQZ6KVVM7ae7O7znAAkedgwJfqx9EqTAw&_nc_zt=24&_nc_ht=scontent-bom2-3.xx&_nc_gid=-uFSavGAci5w2JwO7PHuMQ&oh=00_AfhHIQ3aoMbe7nbSybLWQegBDej2aavBABvDTkpXtjS0Gg&oe=691D070E",
            "gender": "MALE",
            "type": "User",
            "isFriend": false,
            "isBirthday": false
        },
        "data": {
            "exp": 6,
            "money": "0"
        },
        "lastUpdated": 1763127691351
    },
    {
        "userID": "100090410466212",
        "info": {
            "id": "100090410466212",
            "name": "Mark Celis🦊",
            "firstName": "Mark",
            "vanity": "markcelis10009",
            "url": "https://www.facebook.com/markcelis10009",
            "thumbSrc": "https://graph.facebook.com/100090410466212/picture?type=large&width=500&height=500&access_token=6628568379%7Cc1e620fa708a1d5696fb991c1bde5662",
            "profileUrl": "https://scontent-bom1-1.xx.fbcdn.net/v/t39.30808-1/489083986_629934140030263_1550040399561081853_n.jpg?stp=cp0_dst-jpg_s60x60_tt6&_nc_cat=107&ccb=1-7&_nc_sid=e99d92&_nc_ohc=KCbo1p8WnxkQ7kNvwEYredI&_nc_oc=AdkxHM0UkNdRB8LAy9ZS4PwWygybAbENlGnZOwTDK1HyoYqc6jf8uZEC7TgIDOtzW2k&_nc_zt=24&_nc_ht=scontent-bom1-1.xx&_nc_gid=-uFSavGAci5w2JwO7PHuMQ&oh=00_Afg_PC43DeB57XEg6K7JOkSz95OjVapnGEU0i19ez8TFyg&oe=691D1CDC",
            "gender": "FEMALE",
            "type": "User",
            "isFriend": false,
            "isBirthday": false
        },
        "data": {
            "exp": 1,
            "money": "0"
        },
        "lastUpdated": 1763127464625
    },
    {
        "userID": "100091599711214",
        "info": {
            "id": "100091599711214",
            "name": "Kristine Jeresano",
            "firstName": "Kristine",
            "vanity": "kristine.rawr",
            "url": "https://www.facebook.com/kristine.rawr",
            "thumbSrc": "https://graph.facebook.com/100091599711214/picture?type=large&width=500&height=500&access_token=6628568379%7Cc1e620fa708a1d5696fb991c1bde5662",
            "profileUrl": "https://scontent-bom5-1.xx.fbcdn.net/v/t39.30808-1/577715204_758499610546689_5375238197782502408_n.jpg?stp=c0.16.735.735a_cp0_dst-jpg_s60x60_tt6&_nc_cat=109&ccb=1-7&_nc_sid=e99d92&_nc_ohc=iFWoXYyUhSwQ7kNvwHI3SLX&_nc_oc=Adm40LCqUOV1u9w5uK8QL4fCdPk7skjkVsagt8uijSR1LzEqsXEVb3ZzL0HR7RtlCTE&_nc_zt=24&_nc_ht=scontent-bom5-1.xx&_nc_gid=-uFSavGAci5w2JwO7PHuMQ&oh=00_AfiLJrtVleA7VuFaUbFuR1qJ3UW3TEVSVh8iRUg42Y_WFQ&oe=691CF763",
            "gender": "FEMALE",
            "type": "User",
            "isFriend": false,
            "isBirthday": false
        },
        "data": {
            "exp": 1,
            "money": "0"
        },
        "lastUpdated": 1763127464625
    },
    {
        "userID": "100093264610467",
        "info": {
            "id": "100093264610467",
            "name": "Churchill Abing 󱢏",
            "firstName": "Churchill",
            "vanity": "",
            "url": "https://www.facebook.com/profile.php?id=100093264610467",
            "thumbSrc": "https://graph.facebook.com/100093264610467/picture?type=large&width=500&height=500&access_token=6628568379%7Cc1e620fa708a1d5696fb991c1bde5662",
            "profileUrl": "https://scontent-bom2-4.xx.fbcdn.net/v/t39.30808-1/576895350_717405431378271_4370373521071030890_n.jpg?stp=c0.0.720.720a_cp0_dst-jpg_s60x60_tt6&_nc_cat=106&ccb=1-7&_nc_sid=1d2534&_nc_ohc=bgpMoQ8AtZYQ7kNvwHUNOe5&_nc_oc=Adm9_gEJXAGTYCiw4unqJ2Itx4aXcU6i-VsHeqyzvlUnCOFCsB-WNtVe70ktMW-LJtk&_nc_zt=24&_nc_ht=scontent-bom2-4.xx&_nc_gid=-uFSavGAci5w2JwO7PHuMQ&oh=00_AficDPCGZCsiRvTxqkrlcIVWJWs5kVFbIwGjj4K5lGNTCg&oe=691D0330",
            "gender": "MALE",
            "type": "User",
            "isFriend": false,
            "isBirthday": false
        },
        "data": {
            "exp": 1,
            "money": "0"
        },
        "lastUpdated": 1763127464625
    },
    {
        "userID": "100094155379641",
        "info": {
            "id": "100094155379641",
            "name": "Mirei Saínz",
            "firstName": "Mirei",
            "vanity": "strawwmireii.sainz",
            "url": "https://www.facebook.com/strawwmireii.sainz",
            "thumbSrc": "https://graph.facebook.com/100094155379641/picture?type=large&width=500&height=500&access_token=6628568379%7Cc1e620fa708a1d5696fb991c1bde5662",
            "profileUrl": "https://scontent-bom5-1.xx.fbcdn.net/v/t39.30808-1/571216293_696021663546340_8077067239839612164_n.jpg?stp=c0.0.736.736a_cp0_dst-jpg_s60x60_tt6&_nc_cat=110&ccb=1-7&_nc_sid=e99d92&_nc_ohc=Bwh6W4d4lUgQ7kNvwFTxt3c&_nc_oc=AdkoRNBCxp0N8j9Qb9VNNYlKfKv64SNfOrHxbn1qSEWElie-JAfs4Dy4ssAtYERCDGo&_nc_zt=24&_nc_ht=scontent-bom5-1.xx&_nc_gid=-uFSavGAci5w2JwO7PHuMQ&oh=00_AfiqLYp8cvMZfFvQ1OiZ39vhOhrC62i9LR4MGvlY7squEw&oe=691CFE3B",
            "gender": "FEMALE",
            "type": "User",
            "isFriend": false,
            "isBirthday": false
        },
        "data": {
            "exp": 1,
            "money": "0"
        },
        "lastUpdated": 1763127464625
    }
]