[
    {
        "key": "datr",
        "value": "whIHaa0OpUp6Mety7GTjo-RA",
        "domain": "facebook.com",
        "path": "/",
        "hostOnly": false,
        "creation": "2025-11-19T15:02:36.964Z",
        "lastAccessed": "2025-11-19T15:02:36.964Z"
    },
    {
        "key": "sb",
        "value": "whIHaeJwYMz1m1Ra1d1a35Vf",
        "domain": "facebook.com",
        "path": "/",
        "hostOnly": false,
        "creation": "2025-11-19T15:02:36.964Z",
        "lastAccessed": "2025-11-19T15:02:36.964Z"
    },
    {
        "key": "ps_l",
        "value": "1",
        "domain": "facebook.com",
        "path": "/",
        "hostOnly": false,
        "creation": "2025-11-19T15:02:36.964Z",
        "lastAccessed": "2025-11-19T15:02:36.964Z"
    },
    {
        "key": "ps_n",
        "value": "1",
        "domain": "facebook.com",
        "path": "/",
        "hostOnly": false,
        "creation": "2025-11-19T15:02:36.965Z",
        "lastAccessed": "2025-11-19T15:02:36.965Z"
    },
    {
        "key": "c_user",
        "value": "61559600461640",
        "domain": "facebook.com",
        "path": "/",
        "hostOnly": false,
        "creation": "2025-11-19T15:02:36.965Z",
        "lastAccessed": "2025-11-19T15:02:36.965Z"
    },
    {
        "key": "xs",
        "value": "11%3ASrL8WlJB0FNvuA%3A2%3A1763558092%3A-1%3A-1",
        "domain": "facebook.com",
        "path": "/",
        "hostOnly": false,
        "creation": "2025-11-19T15:02:36.965Z",
        "lastAccessed": "2025-11-19T15:02:36.965Z"
    },
    {
        "key": "locale",
        "value": "en_US",
        "domain": "facebook.com",
        "path": "/",
        "hostOnly": false,
        "creation": "2025-11-19T15:02:36.965Z",
        "lastAccessed": "2025-11-19T15:02:36.965Z"
    },
    {
        "key": "pas",
        "value": "61583166903799%3A0LUpl3GRvj%2C61559600461640%3A7oRtSRalu8",
        "domain": "facebook.com",
        "path": "/",
        "hostOnly": false,
        "creation": "2025-11-19T15:02:36.965Z",
        "lastAccessed": "2025-11-19T15:02:36.965Z"
    },
    {
        "key": "vpd",
        "value": "v1%3B622x360x2",
        "domain": "facebook.com",
        "path": "/",
        "hostOnly": false,
        "creation": "2025-11-19T15:02:36.965Z",
        "lastAccessed": "2025-11-19T15:02:36.965Z"
    },
    {
        "key": "fr",
        "value": "0xmS5ULVLj4fGFISh.AWfsBMtOi7Bq6zHvGun45b5yZrIyVwJ-AI-h7f0V-LON48HL18o.BpBxLC..AAA.0.0.BpHdwF.AWf2rv--zMt_tUkNepw1YsZ3VKA",
        "domain": "facebook.com",
        "path": "/",
        "hostOnly": false,
        "creation": "2025-11-19T15:02:36.965Z",
        "lastAccessed": "2025-11-19T15:02:36.965Z"
    },
    {
        "key": "fbl_st",
        "value": "100618155%3BT%3A29392742",
        "domain": "facebook.com",
        "path": "/",
        "hostOnly": false,
        "creation": "2025-11-19T15:02:36.965Z",
        "lastAccessed": "2025-11-19T15:02:36.965Z"
    },
    {
        "key": "wl_cbv",
        "value": "v2%3Bclient_version%3A2988%3Btimestamp%3A1763564549",
        "domain": "facebook.com",
        "path": "/",
        "hostOnly": false,
        "creation": "2025-11-19T15:02:36.965Z",
        "lastAccessed": "2025-11-19T15:02:36.965Z"
    }
]