{
    "APPSTATE_PATH": "./appstate.json",
    "APPSTATE_PROTECTION": true,
    "AUTO_PING_SERVER": false,
    "ALLOW_INBOX": true,
    "DATABASE": "JSON",
    "DATABASE_JSON_BEAUTIFY": true,
    "LANGUAGE": "en_US",
    "LOG_LEVEL": 1,
    "FCA_OPTIONS": {
        "cookieRefresh": true,
        "cookieRefreshInterval": 1200000,
        "updatePresence": true,
        "forceLogin": true,
        "listenEvents": true,
        "logLevel": "silent",
        "selfListen": false,
        "randomUserAgent": false,
        "userAgent": "ZmFjZWJvb2tleHRlcm5hbGhpdC8xLjEgKCtodHRwOi8vd3d3LmZhY2Vib29rLmNvbS9leHRlcm5hbGhpdF91YXRexHQucGhpKQ==",
        "online": true,
        "autoMarkDelivery": true,
        "autoMarkRead": true
    },
    "MODERATORS": [
        "61578037937262"
    ],
    "ABSOLUTES": [
        "61578037937262"
    ],
    "NAME": "Kurapiko (Educ Bot)",
    "PREFIX": "/",
    "timezone": "Asia/Manila",
    "REFRESH": "43200000"
}